Adm_No,Date,Status
1030,2026-06-01,Present
1030,2026-06-02,Present
1030,2026-06-03,Present
1030,2026-06-04,Present
1030,2026-06-05,Present
1030,2026-06-06,Present
1030,2026-06-07,Present
1030,2026-06-08,Present
1030,2026-06-09,Present
1030,2026-06-10,Present
1030,2026-06-11,Present
1030,2026-06-12,Present
1030,2026-06-13,Present
1030,2026-06-14,Present
1030,2026-06-15,Present
1030,2026-06-16,Present
1030,2026-06-17,Present
1030,2026-06-18,Present
1030,2026-06-19,Present
1030,2026-06-20,Present
1030,2026-06-21,Present
1030,2026-06-22,Present
1030,2026-06-23,Present
1030,2026-06-24,Present
1030,2026-06-25,Present
1017,2026-06-01,Present
1017,2026-06-02,Present
1017,2026-06-03,Present
1017,2026-06-04,Present
1017,2026-06-05,Present
1017,2026-06-06,Present
1017,2026-06-07,Present
1017,2026-06-08,Present
1017,2026-06-09,Absent
1017,2026-06-10,Present
1017,2026-06-11,Present
1017,2026-06-12,Present
1017,2026-06-13,Present
1017,2026-06-14,Present
1017,2026-06-15,Present
1017,2026-06-16,Present
1017,2026-06-17,Present
1017,2026-06-18,Present
1017,2026-06-19,Present
1017,2026-06-20,Present
1017,2026-06-21,Present
1017,2026-06-22,Present
1017,2026-06-23,Absent
1017,2026-06-24,Present
1017,2026-06-25,Present
1010,2026-06-01,Present
1010,2026-06-02,Absent
1010,2026-06-03,Present
1010,2026-06-04,Present
1010,2026-06-05,Present
1010,2026-06-06,Present
1010,2026-06-07,Present
1010,2026-06-08,Present
1010,2026-06-09,Present
1010,2026-06-10,Present
1010,2026-06-11,Present
1010,2026-06-12,Present
1010,2026-06-13,Present
1010,2026-06-14,Present
1010,2026-06-15,Present
1010,2026-06-16,Present
1010,2026-06-17,Present
1010,2026-06-18,Absent
1010,2026-06-19,Present
1010,2026-06-20,Present
1010,2026-06-21,Present
1010,2026-06-22,Present
1010,2026-06-23,Present
1010,2026-06-24,Present
1010,2026-06-25,Present
1028,2026-06-01,Present
1028,2026-06-02,Absent
1028,2026-06-03,Present
1028,2026-06-04,Present
1028,2026-06-05,Present
1028,2026-06-06,Present
1028,2026-06-07,Present
1028,2026-06-08,Present
1028,2026-06-09,Present
1028,2026-06-10,Present
1028,2026-06-11,Present
1028,2026-06-12,Present
1028,2026-06-13,Present
1028,2026-06-14,Present
1028,2026-06-15,Present
1028,2026-06-16,Present
1028,2026-06-17,Absent
1028,2026-06-18,Absent
1028,2026-06-19,Present
1028,2026-06-20,Present
1028,2026-06-21,Present
1028,2026-06-22,Present
1028,2026-06-23,Present
1028,2026-06-24,Present
1028,2026-06-25,Present
1005,2026-06-01,Present
1005,2026-06-02,Present
1005,2026-06-03,Present
1005,2026-06-04,Present
1005,2026-06-05,Present
1005,2026-06-06,Present
1005,2026-06-07,Present
1005,2026-06-08,Absent
1005,2026-06-09,Present
1005,2026-06-10,Present
1005,2026-06-11,Present
1005,2026-06-12,Present
1005,2026-06-13,Absent
1005,2026-06-14,Present
1005,2026-06-15,Absent
1005,2026-06-16,Present
1005,2026-06-17,Absent
1005,2026-06-18,Present
1005,2026-06-19,Present
1005,2026-06-20,Present
1005,2026-06-21,Present
1005,2026-06-22,Present
1005,2026-06-23,Present
1005,2026-06-24,Absent
1005,2026-06-25,Present
1019,2026-06-01,Present
1019,2026-06-02,Present
1019,2026-06-03,Present
1019,2026-06-04,Present
1019,2026-06-05,Present
1019,2026-06-06,Present
1019,2026-06-07,Present
1019,2026-06-08,Present
1019,2026-06-09,Absent
1019,2026-06-10,Present
1019,2026-06-11,Present
1019,2026-06-12,Present
1019,2026-06-13,Present
1019,2026-06-14,Present
1019,2026-06-15,Absent
1019,2026-06-16,Present
1019,2026-06-17,Present
1019,2026-06-18,Present
1019,2026-06-19,Present
1019,2026-06-20,Present
1019,2026-06-21,Present
1019,2026-06-22,Present
1019,2026-06-23,Present
1019,2026-06-24,Absent
1019,2026-06-25,Absent
1029,2026-06-01,Present
1029,2026-06-02,Present
1029,2026-06-03,Absent
1029,2026-06-04,Absent
1029,2026-06-05,Present
1029,2026-06-06,Present
1029,2026-06-07,Absent
1029,2026-06-08,Absent
1029,2026-06-09,Absent
1029,2026-06-10,Absent
1029,2026-06-11,Present
1029,2026-06-12,Present
1029,2026-06-13,Absent
1029,2026-06-14,Present
1029,2026-06-15,Present
1029,2026-06-16,Present
1029,2026-06-17,Absent
1029,2026-06-18,Absent
1029,2026-06-19,Present
1029,2026-06-20,Absent
1029,2026-06-21,Absent
1029,2026-06-22,Present
1029,2026-06-23,Present
1029,2026-06-24,Absent
1029,2026-06-25,Present
1039,2026-06-01,Present
1039,2026-06-02,Present
1039,2026-06-03,Present
1039,2026-06-04,Absent
1039,2026-06-05,Present
1039,2026-06-06,Absent
1039,2026-06-07,Absent
1039,2026-06-08,Present
1039,2026-06-09,Present
1039,2026-06-10,Present
1039,2026-06-11,Present
1039,2026-06-12,Present
1039,2026-06-13,Absent
1039,2026-06-14,Present
1039,2026-06-15,Present
1039,2026-06-16,Present
1039,2026-06-17,Absent
1039,2026-06-18,Present
1039,2026-06-19,Present
1039,2026-06-20,Absent
1039,2026-06-21,Present
1039,2026-06-22,Present
1039,2026-06-23,Absent
1039,2026-06-24,Present
1039,2026-06-25,Present
1016,2026-06-01,Present
1016,2026-06-02,Absent
1016,2026-06-03,Present
1016,2026-06-04,Absent
1016,2026-06-05,Present
1016,2026-06-06,Absent
1016,2026-06-07,Present
1016,2026-06-08,Present
1016,2026-06-09,Present
1016,2026-06-10,Present
1016,2026-06-11,Absent
1016,2026-06-12,Absent
1016,2026-06-13,Absent
1016,2026-06-14,Absent
1016,2026-06-15,Present
1016,2026-06-16,Present
1016,2026-06-17,Absent
1016,2026-06-18,Absent
1016,2026-06-19,Absent
1016,2026-06-20,Absent
1016,2026-06-21,Present
1016,2026-06-22,Absent
1016,2026-06-23,Present
1016,2026-06-24,Absent
1016,2026-06-25,Present
1027,2026-06-01,Present
1027,2026-06-02,Present
1027,2026-06-03,Present
1027,2026-06-04,Present
1027,2026-06-05,Present
1027,2026-06-06,Present
1027,2026-06-07,Present
1027,2026-06-08,Present
1027,2026-06-09,Present
1027,2026-06-10,Present
1027,2026-06-11,Present
1027,2026-06-12,Present
1027,2026-06-13,Present
1027,2026-06-14,Present
1027,2026-06-15,Present
1027,2026-06-16,Present
1027,2026-06-17,Present
1027,2026-06-18,Present
1027,2026-06-19,Present
1027,2026-06-20,Present
1027,2026-06-21,Present
1027,2026-06-22,Present
1027,2026-06-23,Present
1027,2026-06-24,Present
1027,2026-06-25,Present
1026,2026-06-01,Present
1026,2026-06-02,Present
1026,2026-06-03,Present
1026,2026-06-04,Present
1026,2026-06-05,Present
1026,2026-06-06,Present
1026,2026-06-07,Present
1026,2026-06-08,Absent
1026,2026-06-09,Present
1026,2026-06-10,Present
1026,2026-06-11,Present
1026,2026-06-12,Present
1026,2026-06-13,Present
1026,2026-06-14,Present
1026,2026-06-15,Present
1026,2026-06-16,Present
1026,2026-06-17,Present
1026,2026-06-18,Present
1026,2026-06-19,Present
1026,2026-06-20,Present
1026,2026-06-21,Present
1026,2026-06-22,Present
1026,2026-06-23,Present
1026,2026-06-24,Present
1026,2026-06-25,Present
1012,2026-06-01,Present
1012,2026-06-02,Absent
1012,2026-06-03,Absent
1012,2026-06-04,Present
1012,2026-06-05,Present
1012,2026-06-06,Present
1012,2026-06-07,Absent
1012,2026-06-08,Absent
1012,2026-06-09,Present
1012,2026-06-10,Absent
1012,2026-06-11,Present
1012,2026-06-12,Absent
1012,2026-06-13,Absent
1012,2026-06-14,Present
1012,2026-06-15,Absent
1012,2026-06-16,Present
1012,2026-06-17,Present
1012,2026-06-18,Absent
1012,2026-06-19,Present
1012,2026-06-20,Absent
1012,2026-06-21,Absent
1012,2026-06-22,Present
1012,2026-06-23,Absent
1012,2026-06-24,Present
1012,2026-06-25,Present
1031,2026-06-01,Present
1031,2026-06-02,Present
1031,2026-06-03,Present
1031,2026-06-04,Present
1031,2026-06-05,Absent
1031,2026-06-06,Present
1031,2026-06-07,Present
1031,2026-06-08,Present
1031,2026-06-09,Present
1031,2026-06-10,Present
1031,2026-06-11,Present
1031,2026-06-12,Present
1031,2026-06-13,Present
1031,2026-06-14,Present
1031,2026-06-15,Present
1031,2026-06-16,Present
1031,2026-06-17,Present
1031,2026-06-18,Absent
1031,2026-06-19,Present
1031,2026-06-20,Absent
1031,2026-06-21,Present
1031,2026-06-22,Present
1031,2026-06-23,Absent
1031,2026-06-24,Present
1031,2026-06-25,Present
1033,2026-06-01,Present
1033,2026-06-02,Present
1033,2026-06-03,Present
1033,2026-06-04,Present
1033,2026-06-05,Present
1033,2026-06-06,Present
1033,2026-06-07,Present
1033,2026-06-08,Present
1033,2026-06-09,Present
1033,2026-06-10,Present
1033,2026-06-11,Present
1033,2026-06-12,Present
1033,2026-06-13,Present
1033,2026-06-14,Present
1033,2026-06-15,Present
1033,2026-06-16,Absent
1033,2026-06-17,Present
1033,2026-06-18,Present
1033,2026-06-19,Present
1033,2026-06-20,Present
1033,2026-06-21,Present
1033,2026-06-22,Present
1033,2026-06-23,Present
1033,2026-06-24,Present
1033,2026-06-25,Present
1014,2026-06-01,Present
1014,2026-06-02,Present
1014,2026-06-03,Present
1014,2026-06-04,Absent
1014,2026-06-05,Present
1014,2026-06-06,Absent
1014,2026-06-07,Present
1014,2026-06-08,Absent
1014,2026-06-09,Present
1014,2026-06-10,Absent
1014,2026-06-11,Present
1014,2026-06-12,Absent
1014,2026-06-13,Present
1014,2026-06-14,Present
1014,2026-06-15,Absent
1014,2026-06-16,Present
1014,2026-06-17,Present
1014,2026-06-18,Present
1014,2026-06-19,Absent
1014,2026-06-20,Absent
1014,2026-06-21,Present
1014,2026-06-22,Present
1014,2026-06-23,Present
1014,2026-06-24,Absent
1014,2026-06-25,Present
1035,2026-06-01,Present
1035,2026-06-02,Present
1035,2026-06-03,Present
1035,2026-06-04,Absent
1035,2026-06-05,Present
1035,2026-06-06,Present
1035,2026-06-07,Present
1035,2026-06-08,Present
1035,2026-06-09,Present
1035,2026-06-10,Absent
1035,2026-06-11,Present
1035,2026-06-12,Absent
1035,2026-06-13,Present
1035,2026-06-14,Absent
1035,2026-06-15,Present
1035,2026-06-16,Present
1035,2026-06-17,Absent
1035,2026-06-18,Present
1035,2026-06-19,Present
1035,2026-06-20,Present
1035,2026-06-21,Present
1035,2026-06-22,Absent
1035,2026-06-23,Absent
1035,2026-06-24,Present
1035,2026-06-25,Present
1040,2026-06-01,Present
1040,2026-06-02,Present
1040,2026-06-03,Present
1040,2026-06-04,Present
1040,2026-06-05,Present
1040,2026-06-06,Present
1040,2026-06-07,Present
1040,2026-06-08,Present
1040,2026-06-09,Present
1040,2026-06-10,Present
1040,2026-06-11,Present
1040,2026-06-12,Present
1040,2026-06-13,Present
1040,2026-06-14,Present
1040,2026-06-15,Present
1040,2026-06-16,Present
1040,2026-06-17,Present
1040,2026-06-18,Present
1040,2026-06-19,Present
1040,2026-06-20,Present
1040,2026-06-21,Present
1040,2026-06-22,Present
1040,2026-06-23,Present
1040,2026-06-24,Present
1040,2026-06-25,Present
1038,2026-06-01,Present
1038,2026-06-02,Absent
1038,2026-06-03,Absent
1038,2026-06-04,Absent
1038,2026-06-05,Present
1038,2026-06-06,Present
1038,2026-06-07,Present
1038,2026-06-08,Present
1038,2026-06-09,Present
1038,2026-06-10,Present
1038,2026-06-11,Present
1038,2026-06-12,Absent
1038,2026-06-13,Absent
1038,2026-06-14,Absent
1038,2026-06-15,Present
1038,2026-06-16,Present
1038,2026-06-17,Present
1038,2026-06-18,Present
1038,2026-06-19,Absent
1038,2026-06-20,Present
1038,2026-06-21,Present
1038,2026-06-22,Absent
1038,2026-06-23,Present
1038,2026-06-24,Present
1038,2026-06-25,Present
1006,2026-06-01,Present
1006,2026-06-02,Present
1006,2026-06-03,Present
1006,2026-06-04,Present
1006,2026-06-05,Present
1006,2026-06-06,Present
1006,2026-06-07,Absent
1006,2026-06-08,Present
1006,2026-06-09,Present
1006,2026-06-10,Present
1006,2026-06-11,Present
1006,2026-06-12,Present
1006,2026-06-13,Present
1006,2026-06-14,Present
1006,2026-06-15,Present
1006,2026-06-16,Absent
1006,2026-06-17,Present
1006,2026-06-18,Present
1006,2026-06-19,Present
1006,2026-06-20,Present
1006,2026-06-21,Present
1006,2026-06-22,Present
1006,2026-06-23,Present
1006,2026-06-24,Absent
1006,2026-06-25,Present
1002,2026-06-01,Present
1002,2026-06-02,Present
1002,2026-06-03,Present
1002,2026-06-04,Absent
1002,2026-06-05,Present
1002,2026-06-06,Present
1002,2026-06-07,Present
1002,2026-06-08,Present
1002,2026-06-09,Absent
1002,2026-06-10,Present
1002,2026-06-11,Absent
1002,2026-06-12,Present
1002,2026-06-13,Present
1002,2026-06-14,Present
1002,2026-06-15,Present
1002,2026-06-16,Present
1002,2026-06-17,Absent
1002,2026-06-18,Present
1002,2026-06-19,Absent
1002,2026-06-20,Present
1002,2026-06-21,Present
1002,2026-06-22,Present
1002,2026-06-23,Present
1002,2026-06-24,Absent
1002,2026-06-25,Present
1032,2026-06-01,Present
1032,2026-06-02,Present
1032,2026-06-03,Present
1032,2026-06-04,Present
1032,2026-06-05,Present
1032,2026-06-06,Present
1032,2026-06-07,Present
1032,2026-06-08,Present
1032,2026-06-09,Present
1032,2026-06-10,Present
1032,2026-06-11,Present
1032,2026-06-12,Present
1032,2026-06-13,Present
1032,2026-06-14,Present
1032,2026-06-15,Present
1032,2026-06-16,Present
1032,2026-06-17,Present
1032,2026-06-18,Present
1032,2026-06-19,Present
1032,2026-06-20,Present
1032,2026-06-21,Present
1032,2026-06-22,Present
1032,2026-06-23,Present
1032,2026-06-24,Present
1032,2026-06-25,Present
1003,2026-06-01,Present
1003,2026-06-02,Present
1003,2026-06-03,Present
1003,2026-06-04,Present
1003,2026-06-05,Present
1003,2026-06-06,Present
1003,2026-06-07,Present
1003,2026-06-08,Present
1003,2026-06-09,Present
1003,2026-06-10,Present
1003,2026-06-11,Present
1003,2026-06-12,Present
1003,2026-06-13,Present
1003,2026-06-14,Present
1003,2026-06-15,Present
1003,2026-06-16,Present
1003,2026-06-17,Present
1003,2026-06-18,Present
1003,2026-06-19,Present
1003,2026-06-20,Present
1003,2026-06-21,Present
1003,2026-06-22,Present
1003,2026-06-23,Present
1003,2026-06-24,Present
1003,2026-06-25,Present
1023,2026-06-01,Present
1023,2026-06-02,Present
1023,2026-06-03,Present
1023,2026-06-04,Present
1023,2026-06-05,Present
1023,2026-06-06,Present
1023,2026-06-07,Present
1023,2026-06-08,Present
1023,2026-06-09,Present
1023,2026-06-10,Present
1023,2026-06-11,Present
1023,2026-06-12,Present
1023,2026-06-13,Present
1023,2026-06-14,Present
1023,2026-06-15,Present
1023,2026-06-16,Present
1023,2026-06-17,Present
1023,2026-06-18,Present
1023,2026-06-19,Present
1023,2026-06-20,Present
1023,2026-06-21,Present
1023,2026-06-22,Present
1023,2026-06-23,Present
1023,2026-06-24,Present
1023,2026-06-25,Absent
1018,2026-06-01,Present
1018,2026-06-02,Absent
1018,2026-06-03,Absent
1018,2026-06-04,Present
1018,2026-06-05,Present
1018,2026-06-06,Present
1018,2026-06-07,Present
1018,2026-06-08,Present
1018,2026-06-09,Present
1018,2026-06-10,Present
1018,2026-06-11,Present
1018,2026-06-12,Present
1018,2026-06-13,Absent
1018,2026-06-14,Present
1018,2026-06-15,Present
1018,2026-06-16,Present
1018,2026-06-17,Present
1018,2026-06-18,Absent
1018,2026-06-19,Absent
1018,2026-06-20,Absent
1018,2026-06-21,Present
1018,2026-06-22,Absent
1018,2026-06-23,Present
1018,2026-06-24,Present
1018,2026-06-25,Present
1015,2026-06-01,Present
1015,2026-06-02,Present
1015,2026-06-03,Present
1015,2026-06-04,Present
1015,2026-06-05,Present
1015,2026-06-06,Present
1015,2026-06-07,Present
1015,2026-06-08,Present
1015,2026-06-09,Present
1015,2026-06-10,Present
1015,2026-06-11,Present
1015,2026-06-12,Present
1015,2026-06-13,Present
1015,2026-06-14,Present
1015,2026-06-15,Present
1015,2026-06-16,Present
1015,2026-06-17,Present
1015,2026-06-18,Present
1015,2026-06-19,Present
1015,2026-06-20,Absent
1015,2026-06-21,Present
1015,2026-06-22,Present
1015,2026-06-23,Absent
1015,2026-06-24,Present
1015,2026-06-25,Present
1008,2026-06-01,Present
1008,2026-06-02,Present
1008,2026-06-03,Present
1008,2026-06-04,Present
1008,2026-06-05,Present
1008,2026-06-06,Present
1008,2026-06-07,Present
1008,2026-06-08,Present
1008,2026-06-09,Present
1008,2026-06-10,Present
1008,2026-06-11,Present
1008,2026-06-12,Present
1008,2026-06-13,Present
1008,2026-06-14,Present
1008,2026-06-15,Present
1008,2026-06-16,Present
1008,2026-06-17,Present
1008,2026-06-18,Present
1008,2026-06-19,Present
1008,2026-06-20,Present
1008,2026-06-21,Present
1008,2026-06-22,Present
1008,2026-06-23,Present
1008,2026-06-24,Present
1008,2026-06-25,Present
1013,2026-06-01,Present
1013,2026-06-02,Absent
1013,2026-06-03,Absent
1013,2026-06-04,Absent
1013,2026-06-05,Present
1013,2026-06-06,Present
1013,2026-06-07,Absent
1013,2026-06-08,Present
1013,2026-06-09,Present
1013,2026-06-10,Present
1013,2026-06-11,Absent
1013,2026-06-12,Present
1013,2026-06-13,Absent
1013,2026-06-14,Absent
1013,2026-06-15,Present
1013,2026-06-16,Present
1013,2026-06-17,Absent
1013,2026-06-18,Present
1013,2026-06-19,Absent
1013,2026-06-20,Present
1013,2026-06-21,Present
1013,2026-06-22,Absent
1013,2026-06-23,Present
1013,2026-06-24,Absent
1013,2026-06-25,Present
1021,2026-06-01,Present
1021,2026-06-02,Present
1021,2026-06-03,Absent
1021,2026-06-04,Present
1021,2026-06-05,Present
1021,2026-06-06,Present
1021,2026-06-07,Present
1021,2026-06-08,Present
1021,2026-06-09,Present
1021,2026-06-10,Present
1021,2026-06-11,Present
1021,2026-06-12,Present
1021,2026-06-13,Absent
1021,2026-06-14,Present
1021,2026-06-15,Present
1021,2026-06-16,Present
1021,2026-06-17,Present
1021,2026-06-18,Present
1021,2026-06-19,Present
1021,2026-06-20,Present
1021,2026-06-21,Present
1021,2026-06-22,Present
1021,2026-06-23,Present
1021,2026-06-24,Absent
1021,2026-06-25,Present
1037,2026-06-01,Absent
1037,2026-06-02,Present
1037,2026-06-03,Present
1037,2026-06-04,Present
1037,2026-06-05,Present
1037,2026-06-06,Present
1037,2026-06-07,Present
1037,2026-06-08,Present
1037,2026-06-09,Present
1037,2026-06-10,Present
1037,2026-06-11,Present
1037,2026-06-12,Absent
1037,2026-06-13,Present
1037,2026-06-14,Present
1037,2026-06-15,Absent
1037,2026-06-16,Present
1037,2026-06-17,Absent
1037,2026-06-18,Present
1037,2026-06-19,Absent
1037,2026-06-20,Present
1037,2026-06-21,Absent
1037,2026-06-22,Present
1037,2026-06-23,Absent
1037,2026-06-24,Absent
1037,2026-06-25,Present
1007,2026-06-01,Present
1007,2026-06-02,Present
1007,2026-06-03,Present
1007,2026-06-04,Absent
1007,2026-06-05,Absent
1007,2026-06-06,Present
1007,2026-06-07,Absent
1007,2026-06-08,Present
1007,2026-06-09,Present
1007,2026-06-10,Present
1007,2026-06-11,Absent
1007,2026-06-12,Absent
1007,2026-06-13,Present
1007,2026-06-14,Present
1007,2026-06-15,Present
1007,2026-06-16,Present
1007,2026-06-17,Present
1007,2026-06-18,Present
1007,2026-06-19,Absent
1007,2026-06-20,Present
1007,2026-06-21,Present
1007,2026-06-22,Absent
1007,2026-06-23,Present
1007,2026-06-24,Absent
1007,2026-06-25,Absent
1024,2026-06-01,Absent
1024,2026-06-02,Absent
1024,2026-06-03,Absent
1024,2026-06-04,Absent
1024,2026-06-05,Present
1024,2026-06-06,Absent
1024,2026-06-07,Present
1024,2026-06-08,Present
1024,2026-06-09,Present
1024,2026-06-10,Absent
1024,2026-06-11,Absent
1024,2026-06-12,Absent
1024,2026-06-13,Present
1024,2026-06-14,Present
1024,2026-06-15,Absent
1024,2026-06-16,Present
1024,2026-06-17,Absent
1024,2026-06-18,Present
1024,2026-06-19,Present
1024,2026-06-20,Present
1024,2026-06-21,Absent
1024,2026-06-22,Present
1024,2026-06-23,Present
1024,2026-06-24,Present
1024,2026-06-25,Absent
1036,2026-06-01,Absent
1036,2026-06-02,Present
1036,2026-06-03,Present
1036,2026-06-04,Present
1036,2026-06-05,Present
1036,2026-06-06,Absent
1036,2026-06-07,Absent
1036,2026-06-08,Absent
1036,2026-06-09,Present
1036,2026-06-10,Absent
1036,2026-06-11,Absent
1036,2026-06-12,Present
1036,2026-06-13,Present
1036,2026-06-14,Absent
1036,2026-06-15,Present
1036,2026-06-16,Absent
1036,2026-06-17,Absent
1036,2026-06-18,Present
1036,2026-06-19,Absent
1036,2026-06-20,Present
1036,2026-06-21,Present
1036,2026-06-22,Present
1036,2026-06-23,Present
1036,2026-06-24,Present
1036,2026-06-25,Present
1034,2026-06-01,Absent
1034,2026-06-02,Present
1034,2026-06-03,Present
1034,2026-06-04,Absent
1034,2026-06-05,Present
1034,2026-06-06,Absent
1034,2026-06-07,Present
1034,2026-06-08,Absent
1034,2026-06-09,Absent
1034,2026-06-10,Present
1034,2026-06-11,Absent
1034,2026-06-12,Absent
1034,2026-06-13,Absent
1034,2026-06-14,Present
1034,2026-06-15,Absent
1034,2026-06-16,Absent
1034,2026-06-17,Present
1034,2026-06-18,Present
1034,2026-06-19,Present
1034,2026-06-20,Absent
1034,2026-06-21,Present
1034,2026-06-22,Present
1034,2026-06-23,Present
1034,2026-06-24,Present
1034,2026-06-25,Present
1011,2026-06-01,Absent
1011,2026-06-02,Present
1011,2026-06-03,Present
1011,2026-06-04,Present
1011,2026-06-05,Present
1011,2026-06-06,Absent
1011,2026-06-07,Present
1011,2026-06-08,Present
1011,2026-06-09,Present
1011,2026-06-10,Absent
1011,2026-06-11,Present
1011,2026-06-12,Present
1011,2026-06-13,Present
1011,2026-06-14,Present
1011,2026-06-15,Present
1011,2026-06-16,Present
1011,2026-06-17,Absent
1011,2026-06-18,Present
1011,2026-06-19,Absent
1011,2026-06-20,Present
1011,2026-06-21,Present
1011,2026-06-22,Present
1011,2026-06-23,Absent
1011,2026-06-24,Absent
1011,2026-06-25,Present
1020,2026-06-01,Present
1020,2026-06-02,Present
1020,2026-06-03,Present
1020,2026-06-04,Absent
1020,2026-06-05,Present
1020,2026-06-06,Present
1020,2026-06-07,Absent
1020,2026-06-08,Absent
1020,2026-06-09,Present
1020,2026-06-10,Absent
1020,2026-06-11,Present
1020,2026-06-12,Present
1020,2026-06-13,Absent
1020,2026-06-14,Present
1020,2026-06-15,Absent
1020,2026-06-16,Absent
1020,2026-06-17,Present
1020,2026-06-18,Present
1020,2026-06-19,Absent
1020,2026-06-20,Absent
1020,2026-06-21,Present
1020,2026-06-22,Absent
1020,2026-06-23,Present
1020,2026-06-24,Absent
1020,2026-06-25,Present
1022,2026-06-01,Present
1022,2026-06-02,Present
1022,2026-06-03,Present
1022,2026-06-04,Present
1022,2026-06-05,Present
1022,2026-06-06,Present
1022,2026-06-07,Present
1022,2026-06-08,Present
1022,2026-06-09,Present
1022,2026-06-10,Present
1022,2026-06-11,Present
1022,2026-06-12,Present
1022,2026-06-13,Present
1022,2026-06-14,Present
1022,2026-06-15,Present
1022,2026-06-16,Present
1022,2026-06-17,Absent
1022,2026-06-18,Present
1022,2026-06-19,Present
1022,2026-06-20,Present
1022,2026-06-21,Present
1022,2026-06-22,Absent
1022,2026-06-23,Present
1022,2026-06-24,Present
1022,2026-06-25,Present
